{"cameraMode":{"drawMode":0,"name":"Shaded","section":"Shading Mode"},"sceneLighting":true,"audioPlay":false,"sceneViewState":{"m_AlwaysRefresh":false,"showFog":true,"showSkybox":true,"showFlares":true,"showImageEffects":true,"showParticleSystems":true,"showVisualEffectGraphs":true,"m_FxEnabled":true},"in2DMode":false,"pivot":{"x":-11.070451736450196,"y":19.509239196777345,"z":-13.419065475463868},"rotation":{"x":-0.09434106200933457,"y":0.6430423259735107,"z":0.08027565479278565,"w":0.7557553648948669},"size":8.883055686950684,"orthographic":false}